"","treatment","ethnicity","N","freq","pct"
"1","SS","Asian",9,0.25,25
"2","SS","Black",1,0.0277777777777778,3
"3","SS","Hispanic",3,0.0833333333333333,8
"4","SS","White",23,0.638888888888889,64
"5","US","Asian",9,0.25,25
"6","US","Black",1,0.0277777777777778,3
"7","US","Hispanic",3,0.0833333333333333,8
"8","US","White",23,0.638888888888889,64
