"","treatment","gender","N","freq","pct"
"1","SS","Female",29,0.805555555555556,81
"2","SS","Male",7,0.194444444444444,19
"3","US","Female",29,0.805555555555556,81
"4","US","Male",7,0.194444444444444,19
